{
  "description": "项目配置文件",
  "packOptions": {
    "ignore": [],
    "include": []
  },
  "setting": {
    "urlCheck": false,
    "es6": true,
    "enhance": true,
    "postcss": false,
    "preloadBackgroundData": false,
    "minified": true,
    "newFeature": false,
    "coverView": true,
    "nodeModules": false,
    "autoAudits": false,
    "showShadowRootInWxmlPanel": true,
    "scopeDataCheck": false,
    "uglifyFileName": false,
    "checkInvalidKey": true,
    "checkSiteMap": true,
    "uploadWithSourceMap": true,
    "compileHotReLoad": false,
    "lazyloadPlaceholderEnable": false,
    "useMultiFrameRuntime": true,
    "useApiHook": true,
    "useApiHostProcess": false,
    "babelSetting": {
      "ignore": [],
      "disablePlugins": [],
      "outputPath": ""
    },
    "enableEngineNative": false,
    "useIsolateContext": true,
    "userConfirmedBundleSwitch": false,
    "packNpmManually": false,
    "packNpmRelationList": [],
    "minifyWXSS": true,
    "showES6CompileOption": false,
    "ignoreUploadUnusedFiles": true
  },
  "compileType": "miniprogram",
  "libVersion": "2.6.5",
  "appid": "wx1c01b35002d3ba14",
  "projectname": "vant-weapp",
  "condition": {
    "miniprogram": {
      "list": [
        {
          "name": "button",
          "pathName": "pages/button/index",
          "query": ""
        },
        {
          "name": "loading",
          "pathName": "pages/loading/index",
          "query": ""
        },
        {
          "name": "icon",
          "pathName": "pages/icon/index",
          "query": ""
        },
        {
          "name": "layout",
          "pathName": "pages/col/index",
          "query": ""
        },
        {
          "name": "cell",
          "pathName": "pages/cell/index",
          "query": ""
        },
        {
          "name": "config-provider",
          "pathName": "pages/config-provider/index",
          "query": ""
        },
        {
          "name": "card",
          "pathName": "pages/card/index",
          "query": ""
        },
        {
          "name": "stepper",
          "pathName": "pages/stepper/index",
          "query": ""
        },
        {
          "name": "switch",
          "pathName": "pages/switch/index",
          "query": ""
        },
        {
          "name": "tag",
          "pathName": "pages/tag/index",
          "query": ""
        },
        {
          "name": "notice-bar",
          "pathName": "pages/notice-bar/index",
          "query": ""
        },
        {
          "name": "tree-select",
          "pathName": "pages/tree-select/index",
          "query": ""
        },
        {
          "name": "select",
          "pathName": "pages/select/index",
          "query": ""
        },
        {
          "name": "field",
          "pathName": "pages/field/index",
          "query": ""
        },
        {
          "name": "sidebar",
          "pathName": "pages/sidebar/index",
          "query": "",
          "scene": null
        },
        {
          "name": "panel",
          "pathName": "pages/panel/index",
          "query": ""
        },
        {
          "name": "popup",
          "pathName": "pages/popup/index",
          "query": ""
        },
        {
          "name": "action-sheet",
          "pathName": "pages/action-sheet/index",
          "query": ""
        },
        {
          "name": "steps",
          "pathName": "pages/steps/index",
          "query": ""
        },
        {
          "name": "search",
          "pathName": "pages/search/index",
          "query": ""
        },
        {
          "name": "nav-bar",
          "pathName": "pages/nav-bar/index",
          "query": ""
        },
        {
          "name": "notify",
          "pathName": "pages/notify/index",
          "query": ""
        },
        {
          "name": "toast",
          "pathName": "pages/toast/index",
          "query": ""
        },
        {
          "name": "tabbar",
          "pathName": "pages/tabbar/index",
          "query": ""
        },
        {
          "name": "transition",
          "pathName": "pages/transition/index",
          "query": ""
        },
        {
          "name": "slider",
          "pathName": "pages/slider/index",
          "query": ""
        },
        {
          "name": "progress",
          "pathName": "pages/progress/index",
          "query": ""
        },
        {
          "name": "area",
          "pathName": "pages/area/index",
          "query": ""
        },
        {
          "name": "tab",
          "pathName": "pages/tab/index",
          "query": ""
        },
        {
          "name": "dialog",
          "pathName": "pages/dialog/index",
          "query": ""
        },
        {
          "name": "submit-bar",
          "pathName": "pages/submit-bar/index",
          "query": ""
        },
        {
          "name": "checkbox",
          "pathName": "pages/checkbox/index",
          "query": ""
        },
        {
          "name": "goods-action",
          "pathName": "pages/goods-action/index",
          "query": ""
        },
        {
          "name": "radio",
          "pathName": "pages/radio/index",
          "query": ""
        },
        {
          "name": "swipe-cell",
          "pathName": "pages/swipe-cell/index",
          "query": ""
        },
        {
          "name": "rate",
          "pathName": "pages/rate/index",
          "query": ""
        },
        {
          "name": "collapse",
          "pathName": "pages/collapse/index",
          "query": ""
        },
        {
          "name": "datetime-picker",
          "pathName": "pages/datetime-picker/index",
          "query": ""
        },
        {
          "name": "sticky",
          "pathName": "pages/sticky/index",
          "query": "",
          "scene": null
        },
        {
          "name": "picker",
          "pathName": "pages/picker/index",
          "query": "",
          "scene": null
        },
        {
          "name": "overlay",
          "pathName": "pages/overlay/index",
          "query": "",
          "scene": null
        },
        {
          "name": "circle",
          "pathName": "pages/circle/index",
          "query": "",
          "scene": null
        },
        {
          "name": "grid",
          "pathName": "pages/grid/index",
          "query": "",
          "scene": null
        },
        {
          "name": "count-down",
          "pathName": "pages/count-down/index",
          "query": "",
          "scene": null
        },
        {
          "name": "image",
          "pathName": "pages/image/index",
          "query": "",
          "scene": null
        },
        {
          "name": "skeleton",
          "pathName": "pages/skeleton/index",
          "query": "",
          "scene": null
        },
        {
          "name": "uploader",
          "pathName": "pages/uploader/index",
          "query": "",
          "scene": null
        },
        {
          "name": "dropdown-menu",
          "pathName": "pages/dropdown-menu/index",
          "query": "",
          "scene": null
        },
        {
          "name": "calendar",
          "pathName": "pages/calendar/index",
          "query": "",
          "scene": null
        },
        {
          "name": "index-bar",
          "pathName": "pages/index-bar/index",
          "query": "",
          "scene": null
        },
        {
          "name": "empty",
          "pathName": "pages/empty/index",
          "query": "",
          "scene": null
        },
        {
          "name": "share-sheet",
          "pathName": "pages/share-sheet/index",
          "query": "",
          "scene": null
        },
        {
          "name": "col",
          "pathName": "pages/col/index",
          "query": "",
          "scene": null
        },
        {
          "name": "divider",
          "pathName": "pages/divider/index",
          "query": "",
          "scene": null
        }
      ]
    }
  },
  "editorSetting": {
    "tabIndent": "insertSpaces",
    "tabSize": 2
  }
}